{
  "ideal_range": 231,
  "orbit_deg": 37,
  "leadMaxDeg": 14,
  "evade_weight": 0.4023940142709762,
  "strafe_deg": 14,
  "orbit_radius": 251,
  "radius_pulse": 110,
  "orbitFlipRate": 0.0019332209487911314,
  "fire_every_frames": 4,
  "aimJitterDeg": 1.7083738786168396,
  "safeMargin": 28,
  "evadeReactDist": 207
}