{
  "ideal_range": 449,
  "orbit_deg": 21,
  "leadMaxDeg": 18,
  "evade_weight": 0.4294935890542096,
  "strafe_deg": 13,
  "orbit_radius": 228,
  "radius_pulse": 80,
  "orbitFlipRate": 0.01904066802585513,
  "fire_every_frames": 9,
  "aimJitterDeg": 1.8751258070988408,
  "safeMargin": 23,
  "evadeReactDist": 182
}