{
  "best": {
    "gen": 1,
    "wr": 0.75,
    "params": {
      "bulldozer": {
        "dodgeTTI": 30.520293679254696,
        "dodgePad": 9.831808522871098,
        "spreadFar": 12.44712005747285,
        "spreadNear": 8.362845462630279,
        "engageDist": 125.12811936078171,
        "centerPull": 0.4518375631557631
      },
      "anchor": {
        "lineNear": 88.21068006296181,
        "dodgeTTI": 27.45112440789857,
        "dodgePad": 8.284956372990427,
        "fireJitter": 6.53978650896433
      },
      "striker": {
        "kite": 228.30047895209336,
        "kiteTol": 43.98354742574605,
        "leadScale": 0.3489114829507458,
        "dodgeTTI": 22.501077240466376
      },
      "sniper": {
        "prefer": 257.741368791465,
        "near": 23.029014359053804,
        "far": 107.65196517314985,
        "leadBase": 8.679697340735368,
        "leadScale": 0.21633724702559629,
        "jitter": 2.4221399702037663
      },
      "interceptor": {
        "centerDist": 221.3745302191139,
        "dodgeTTI": 22.207730332429
      },
      "sweeper": {
        "orbitNear": 257.23388010291046,
        "offsetsFar": [
          -6,
          0,
          6
        ],
        "offsetsNear": [
          -4,
          0,
          4
        ]
      }
    }
  }
}