{
  "best": {
    "gen": 0,
    "wr": 0.9,
    "params": {
      "bulldozer": {
        "dodgeTTI": 31.159867163357138,
        "dodgePad": 9.526356601629242,
        "spreadFar": 11.723369797642606,
        "spreadNear": 4.747352726946122,
        "engageDist": 94.20738159657348,
        "centerPull": 0.5921106721508245
      },
      "anchor": {
        "lineNear": 152.21430856948533,
        "dodgeTTI": 16.302115924778676,
        "dodgePad": 11.107959217202367,
        "fireJitter": 10.59401712727747
      },
      "striker": {
        "kite": 257.6125205464778,
        "kiteTol": 21.210493874330197,
        "leadScale": 0.47775066171790814,
        "dodgeTTI": 22.848588680297645
      },
      "sniper": {
        "prefer": 300.908426014434,
        "near": 55.11927689228968,
        "far": 114.73561010570663,
        "leadBase": 8.174606249724278,
        "leadScale": 0.4037259096742656,
        "jitter": 6.845204801430592
      },
      "interceptor": {
        "centerDist": 253.53444609686832,
        "dodgeTTI": 20.616207731383852
      },
      "sweeper": {
        "orbitNear": 244.54521054166167,
        "offsetsFar": [
          -6,
          0,
          6
        ],
        "offsetsNear": [
          -4,
          0,
          4
        ]
      }
    }
  }
}