{
  "best": {
    "gen": 0,
    "wr": 0.7,
    "params": {
      "bulldozer": {
        "dodgeTTI": 28.147985132980914,
        "dodgePad": 9.349385703966057,
        "spreadFar": 13.2415021016819,
        "spreadNear": 6.776147112907606,
        "engageDist": 175.57669634921479,
        "centerPull": 0.052011501648845354
      },
      "anchor": {
        "lineNear": 151.17174051731794,
        "dodgeTTI": 26.03575356301099,
        "dodgePad": 8.927041975962231,
        "fireJitter": 8.574504687875574
      },
      "striker": {
        "kite": 246.97668253972375,
        "kiteTol": 25.007394058843605,
        "leadScale": 0.4850418060185899,
        "dodgeTTI": 19.35932398042825
      },
      "sniper": {
        "prefer": 231.4804111317107,
        "near": 24.65251173070611,
        "far": 53.04995683844302,
        "leadBase": 8.311319752648258,
        "leadScale": 0.25366133992558815,
        "jitter": 3.497498189330657
      },
      "interceptor": {
        "centerDist": 178.027553386874,
        "dodgeTTI": 20.878302995613833
      },
      "sweeper": {
        "orbitNear": 191.9446227757906,
        "offsetsFar": [
          -6,
          0,
          6
        ],
        "offsetsNear": [
          -4,
          0,
          4
        ]
      }
    }
  }
}