{
  "best": {
    "gen": 0,
    "wr": 0.875,
    "params": {
      "bulldozer": {
        "dodgeTTI": 17.75336845248457,
        "dodgePad": 13.073742379150648,
        "spreadFar": 12.58358972143376,
        "spreadNear": 5.246653572889594,
        "engageDist": 98.37254504587094,
        "centerPull": 0.4288937054660028
      },
      "anchor": {
        "lineNear": 140.51386786728514,
        "dodgeTTI": 23.817699186483754,
        "dodgePad": 6.517467952848126,
        "fireJitter": 6.077306395166447
      },
      "striker": {
        "kite": 222.13075487262688,
        "kiteTol": 30.54155760869644,
        "leadScale": 0.32919619647766196,
        "dodgeTTI": 26.618456835466514
      },
      "sniper": {
        "prefer": 248.05698096127168,
        "near": 61.59576233961833,
        "far": 75.71837920328224,
        "leadBase": 10.325665838671002,
        "leadScale": 0.20894856838633458,
        "jitter": 7.238608386863909
      },
      "interceptor": {
        "centerDist": 248.240460639623,
        "dodgeTTI": 24.708749033103132
      },
      "sweeper": {
        "orbitNear": 184.5737447362195,
        "offsetsFar": [
          -6,
          0,
          6
        ],
        "offsetsNear": [
          -4,
          0,
          4
        ]
      }
    }
  }
}