{
  "best": {
    "gen": 5,
    "wr": 0.8125,
    "params": {
      "bulldozer": {
        "dodgeTTI": 26.48542937536562,
        "dodgePad": 6.250591373359205,
        "spreadFar": 8.56750723064594,
        "spreadNear": 8.846707873623695,
        "engageDist": 150.70209745182058,
        "centerPull": 0.06400840712708904
      },
      "anchor": {
        "lineNear": 105.33070035297497,
        "dodgeTTI": 24.321930183211936,
        "dodgePad": 6.5352216977755715,
        "fireJitter": 8.244956163334734
      },
      "striker": {
        "kite": 196.4340508912504,
        "kiteTol": 33.40953239549262,
        "leadScale": 0.28076667095350116,
        "dodgeTTI": 19.818809385104213
      },
      "sniper": {
        "prefer": 291.66875173356595,
        "near": 73.04973968993522,
        "far": 40,
        "leadBase": 9.017746819511316,
        "leadScale": 0.18297349301244867,
        "jitter": 6.785787318993062
      },
      "interceptor": {
        "centerDist": 201.3488767319725,
        "dodgeTTI": 18.012049194615727
      },
      "sweeper": {
        "orbitNear": 171.35323617152181,
        "offsetsFar": [
          -6,
          0,
          6
        ],
        "offsetsNear": [
          -4,
          0,
          4
        ]
      }
    }
  }
}