{
  "ideal_range": 413,
  "orbit_deg": 67,
  "leadMaxDeg": 26,
  "evade_weight": 1.5470014519866093,
  "strafe_deg": 18,
  "orbit_radius": 235,
  "radius_pulse": 67,
  "orbitFlipRate": 0.004957711132233429,
  "fire_every_frames": 5,
  "aimJitterDeg": 2.311034236990622,
  "safeMargin": 16,
  "evadeReactDist": 240
}