{
  "ideal_range": 369,
  "orbit_deg": 57,
  "leadMaxDeg": 19,
  "evade_weight": 1.1334866863675417,
  "strafe_deg": 9,
  "orbit_radius": 159,
  "radius_pulse": 133,
  "orbitFlipRate": 0.0029482988871168342,
  "fire_every_frames": 7,
  "aimJitterDeg": 1.1579244770109653,
  "safeMargin": 38,
  "evadeReactDist": 165
}