{
  "ideal_range": 494,
  "orbit_deg": 98,
  "leadMaxDeg": 26,
  "evade_weight": 1.0684371133800596,
  "strafe_deg": 23,
  "orbit_radius": 224,
  "radius_pulse": 84,
  "orbitFlipRate": 0.019280613107141107,
  "fire_every_frames": 4,
  "aimJitterDeg": 1.3191422643139958,
  "safeMargin": 27,
  "evadeReactDist": 189
}