{
  "ideal_range": 267.8897254734567,
  "orbit_deg": 109.82343001845074,
  "lead_max_deg": 5.018127803205742,
  "evade_weight": 0.740259871600055,
  "strafe_deg": 31.7533132387568,
  "fire_every_frames": 6
}