{
  "aggScore": -351.95625,
  "wins": 49,
  "losses": 82,
  "draws": 29,
  "cfg": {
    "names": [
      "Aegis-1",
      "Aegis-2",
      "Aegis-3",
      "Aegis-4",
      "Aegis-5",
      "Aegis-6"
    ],
    "layout": [
      "TANKER",
      "TANKER",
      "NORMAL",
      "NORMAL",
      "DEALER",
      "DEALER"
    ],
    "biases": [
      -4.552130882453376,
      5.5154189757035965,
      -10.56742983582612,
      5.866523751570414,
      -9.697414995883067,
      6.155856389297984
    ],
    "params": {
      "TANKER": {
        "minRange": 164.80482950003932,
        "maxRange": 257.9348958521515,
        "strafeAngle": 26.406498264238408,
        "threatRadius": 172.51541979360593,
        "leadWeight": 0.9140518354454066,
        "aimJitter": 0.12001656212043804,
        "targetHealthWeight": 1.1504478097039266,
        "targetDistWeight": 0.07104748421752292
      },
      "NORMAL": {
        "minRange": 176.10639874449907,
        "maxRange": 291.6300812911045,
        "strafeAngle": 34.941730892628506,
        "threatRadius": 149.86337313820286,
        "leadWeight": 1.0120904543257483,
        "aimJitter": 0.16207915580819357,
        "targetHealthWeight": 1.1959008681711303,
        "targetDistWeight": 0.10408878966877609
      },
      "DEALER": {
        "minRange": 224.80773804048593,
        "maxRange": 395.39477320715395,
        "strafeAngle": 28.880396793152986,
        "threatRadius": 150.2929679632946,
        "leadWeight": 0.9909626593204869,
        "aimJitter": 0.13535489362200673,
        "targetHealthWeight": 1.0549286234460116,
        "targetDistWeight": 0.10965381479345193
      }
    }
  }
}