{
  "aggScore": -457.75749999999994,
  "wins": 46,
  "losses": 89,
  "draws": 25,
  "cfg": {
    "names": [
      "Aegis-1",
      "Aegis-2",
      "Aegis-3",
      "Aegis-4",
      "Aegis-5",
      "Aegis-6"
    ],
    "layout": [
      "TANKER",
      "TANKER",
      "NORMAL",
      "NORMAL",
      "DEALER",
      "DEALER"
    ],
    "biases": [
      -10.706039595529067,
      12.124034000703922,
      -2.6260220952101196,
      2.9753820569307514,
      -0.7545564654990979,
      5.369875979530798
    ],
    "params": {
      "TANKER": {
        "minRange": 184.79165146786744,
        "maxRange": 290.7586936790043,
        "strafeAngle": 27.274224269836576,
        "threatRadius": 179.2370574877883,
        "leadWeight": 0.9634721374474676,
        "aimJitter": 0.15200613792949594,
        "targetHealthWeight": 1.2848568833264564,
        "targetDistWeight": 0.1204326506188394
      },
      "NORMAL": {
        "minRange": 202.6220317742143,
        "maxRange": 317.6790151462522,
        "strafeAngle": 33.76323970940557,
        "threatRadius": 168.04857350891257,
        "leadWeight": 0.9992642989932387,
        "aimJitter": 0.16388064472450145,
        "targetHealthWeight": 1.2811496567403542,
        "targetDistWeight": 0.10330354963474694
      },
      "DEALER": {
        "minRange": 217.58467892889894,
        "maxRange": 391.7205673941476,
        "strafeAngle": 39.12891604073168,
        "threatRadius": 155.45262497445108,
        "leadWeight": 1.0214415629884541,
        "aimJitter": 0.07322027856040421,
        "targetHealthWeight": 1.1038527217144143,
        "targetDistWeight": 0.11338292482676132
      }
    }
  }
}