{
  "aggScore": -448.0275,
  "wins": 63,
  "losses": 105,
  "draws": 24,
  "cfg": {
    "names": [
      "Aegis-1",
      "Aegis-2",
      "Aegis-3",
      "Aegis-4",
      "Aegis-5",
      "Aegis-6"
    ],
    "layout": [
      "TANKER",
      "TANKER",
      "NORMAL",
      "NORMAL",
      "DEALER",
      "DEALER"
    ],
    "biases": [
      -13.52907606170725,
      8.083041136276659,
      -5.02716272101909,
      3.782867329259682,
      -6.261311823280149,
      0.05108838919806402
    ],
    "params": {
      "TANKER": {
        "minRange": 156.94061377270555,
        "maxRange": 283.0816708192805,
        "strafeAngle": 24.70539233591687,
        "threatRadius": 160.68192675745917,
        "leadWeight": 0.9925226635355728,
        "aimJitter": 0.15127399053114415,
        "targetHealthWeight": 1.317910413343328,
        "targetDistWeight": 0.11547120098006909
      },
      "NORMAL": {
        "minRange": 184.47249567000904,
        "maxRange": 308.22429193195273,
        "strafeAngle": 25.69227369802682,
        "threatRadius": 155.83795986241958,
        "leadWeight": 0.9666794125181524,
        "aimJitter": 0.15231786859971944,
        "targetHealthWeight": 1.2915165358304106,
        "targetDistWeight": 0.08357865898207242
      },
      "DEALER": {
        "minRange": 231.45977586296902,
        "maxRange": 367.31216216794905,
        "strafeAngle": 29.12047282850095,
        "threatRadius": 147.2863369857991,
        "leadWeight": 1.0345966717114532,
        "aimJitter": 0.08627079369964248,
        "targetHealthWeight": 1.1679587217585325,
        "targetDistWeight": 0.11428376329606979
      }
    }
  }
}