{
  "aggScore": -354.51624999999996,
  "wins": 52,
  "losses": 85,
  "draws": 23,
  "cfg": {
    "names": [
      "Aegis-1",
      "Aegis-2",
      "Aegis-3",
      "Aegis-4",
      "Aegis-5",
      "Aegis-6"
    ],
    "layout": [
      "TANKER",
      "TANKER",
      "NORMAL",
      "NORMAL",
      "DEALER",
      "DEALER"
    ],
    "biases": [
      -13.69797777601905,
      9.672405681228044,
      -8.691186585237984,
      8.185342407027365,
      -6.707137207256416,
      2.8506133241051987
    ],
    "params": {
      "TANKER": {
        "minRange": 169.99413344367088,
        "maxRange": 289.84413589790756,
        "strafeAngle": 28.479150113227504,
        "threatRadius": 161.2543146367367,
        "leadWeight": 0.9583645931219098,
        "aimJitter": 0.13535118817692463,
        "targetHealthWeight": 1.196288397626346,
        "targetDistWeight": 0.0728773591982442
      },
      "NORMAL": {
        "minRange": 194.7004146408725,
        "maxRange": 305.49730188014985,
        "strafeAngle": 26.009950495320624,
        "threatRadius": 152.0348667819564,
        "leadWeight": 0.9941362064418973,
        "aimJitter": 0.15976507946579369,
        "targetHealthWeight": 1.1429703508123308,
        "targetDistWeight": 0.10620045291613997
      },
      "DEALER": {
        "minRange": 243.11356223161076,
        "maxRange": 367.91877943827416,
        "strafeAngle": 28.524642291740445,
        "threatRadius": 164.69670488130276,
        "leadWeight": 1.0326908147708154,
        "aimJitter": 0.09384978269638394,
        "targetHealthWeight": 1.1764954517091832,
        "targetDistWeight": 0.07223227181958675
      }
    }
  }
}