{
  "aggScore": -450.09875,
  "wins": 61,
  "losses": 104,
  "draws": 27,
  "cfg": {
    "names": [
      "Aegis-1",
      "Aegis-2",
      "Aegis-3",
      "Aegis-4",
      "Aegis-5",
      "Aegis-6"
    ],
    "layout": [
      "TANKER",
      "TANKER",
      "NORMAL",
      "NORMAL",
      "DEALER",
      "DEALER"
    ],
    "biases": [
      -7.135161083447178,
      11.347402717834438,
      -6.74313667970735,
      7.927842289541273,
      -9.66076276131229,
      9.419522564535294
    ],
    "params": {
      "TANKER": {
        "minRange": 186.10738945268312,
        "maxRange": 287.2927180624134,
        "strafeAngle": 22.4321692374862,
        "threatRadius": 165.1262948228555,
        "leadWeight": 0.9694805721188107,
        "aimJitter": 0.16952630821020914,
        "targetHealthWeight": 1.1730808131654198,
        "targetDistWeight": 0.11464740392528865
      },
      "NORMAL": {
        "minRange": 189.18898572568588,
        "maxRange": 310.62064604151294,
        "strafeAngle": 22.128604384703845,
        "threatRadius": 152.83400379454034,
        "leadWeight": 1.0005010859486887,
        "aimJitter": 0.1750382601658258,
        "targetHealthWeight": 1.1658272134568912,
        "targetDistWeight": 0.09066579550786281
      },
      "DEALER": {
        "minRange": 242.93854837874187,
        "maxRange": 397.8796369356201,
        "strafeAngle": 31.870047109091185,
        "threatRadius": 164.06936718731853,
        "leadWeight": 0.9682943598445287,
        "aimJitter": 0.14840200280607396,
        "targetHealthWeight": 1.1390474405365656,
        "targetDistWeight": 0.11982039491194324
      }
    }
  }
}