{
  "aggScore": -255.275,
  "wins": 57,
  "losses": 81,
  "draws": 22,
  "cfg": {
    "names": [
      "Aegis-1",
      "Aegis-2",
      "Aegis-3",
      "Aegis-4",
      "Aegis-5",
      "Aegis-6"
    ],
    "layout": [
      "TANKER",
      "TANKER",
      "NORMAL",
      "NORMAL",
      "DEALER",
      "DEALER"
    ],
    "biases": [
      -13.298381840359454,
      6.207836094812956,
      -8.39524255857281,
      9.644166713138635,
      0.09080328467191023,
      1.9230874029923566
    ],
    "params": {
      "TANKER": {
        "minRange": 153.6303731645582,
        "maxRange": 293.23694920573683,
        "strafeAngle": 22.200456266198394,
        "threatRadius": 170.46243263999588,
        "leadWeight": 1.02812159721183,
        "aimJitter": 0.08451501082392865,
        "targetHealthWeight": 1.2327823526233175,
        "targetDistWeight": 0.08756747569622603
      },
      "NORMAL": {
        "minRange": 196.15508846273679,
        "maxRange": 292.0287502198837,
        "strafeAngle": 26.132143821050818,
        "threatRadius": 156.90660057965064,
        "leadWeight": 0.9707251126444623,
        "aimJitter": 0.15900033421461338,
        "targetHealthWeight": 1.1988698244680036,
        "targetDistWeight": 0.1056152963441507
      },
      "DEALER": {
        "minRange": 219.07778416729275,
        "maxRange": 382.63064573591475,
        "strafeAngle": 36.901159147299936,
        "threatRadius": 147.3642782579312,
        "leadWeight": 0.9973594235553553,
        "aimJitter": 0.07565350296069354,
        "targetHealthWeight": 1.1009979901318274,
        "targetDistWeight": 0.122550515865582
      }
    }
  }
}