{
  "aggScore": -592.83625,
  "wins": 51,
  "losses": 106,
  "draws": 35,
  "cfg": {
    "names": [
      "Aegis-1",
      "Aegis-2",
      "Aegis-3",
      "Aegis-4",
      "Aegis-5",
      "Aegis-6"
    ],
    "layout": [
      "TANKER",
      "TANKER",
      "NORMAL",
      "NORMAL",
      "DEALER",
      "DEALER"
    ],
    "biases": [
      -12.89978763013339,
      9.934970389391701,
      -7.0803708892488615,
      9.66489394661056,
      -6.232211408282133,
      3.4481834303663206
    ],
    "params": {
      "TANKER": {
        "minRange": 156.06290376655264,
        "maxRange": 309.6845688226855,
        "strafeAngle": 21.26191616779546,
        "threatRadius": 179.11347929120822,
        "leadWeight": 0.9667975942329555,
        "aimJitter": 0.10419368253632481,
        "targetHealthWeight": 1.3921428778592961,
        "targetDistWeight": 0.11235253169565146
      },
      "NORMAL": {
        "minRange": 177.72580554997018,
        "maxRange": 294.55817747092385,
        "strafeAngle": 33.41557739540852,
        "threatRadius": 165.35072874337564,
        "leadWeight": 0.9839483407250985,
        "aimJitter": 0.1467664044002928,
        "targetHealthWeight": 1.1350188091761666,
        "targetDistWeight": 0.11426441553575327
      },
      "DEALER": {
        "minRange": 217.95914359280732,
        "maxRange": 396.70551963823834,
        "strafeAngle": 33.162585074611044,
        "threatRadius": 164.96578321439796,
        "leadWeight": 0.9966349864619944,
        "aimJitter": 0.06041271043278269,
        "targetHealthWeight": 1.3133275712422057,
        "targetDistWeight": 0.1215747983944897
      }
    }
  }
}