{
  "aggScore": -462.965,
  "wins": 62,
  "losses": 106,
  "draws": 24,
  "cfg": {
    "names": [
      "Aegis-1",
      "Aegis-2",
      "Aegis-3",
      "Aegis-4",
      "Aegis-5",
      "Aegis-6"
    ],
    "layout": [
      "TANKER",
      "TANKER",
      "NORMAL",
      "NORMAL",
      "DEALER",
      "DEALER"
    ],
    "biases": [
      -10.548560463576557,
      10.899231845333249,
      -7.879155451763122,
      3.9271506171233383,
      -2.867134115795899,
      5.232734198122335
    ],
    "params": {
      "TANKER": {
        "minRange": 169.82931275606964,
        "maxRange": 292.0455652525197,
        "strafeAngle": 29.792477213254607,
        "threatRadius": 174.8680443897233,
        "leadWeight": 0.9509661536125165,
        "aimJitter": 0.1389040092531861,
        "targetHealthWeight": 1.124567767406268,
        "targetDistWeight": 0.08965521311317572
      },
      "NORMAL": {
        "minRange": 180.94561540785838,
        "maxRange": 320.19467603737155,
        "strafeAngle": 27.43774453253885,
        "threatRadius": 153.57333101563583,
        "leadWeight": 0.9959332368945071,
        "aimJitter": 0.13942134194113134,
        "targetHealthWeight": 1.2213185907788544,
        "targetDistWeight": 0.11728053421273224
      },
      "DEALER": {
        "minRange": 232.44205564924926,
        "maxRange": 397.3036407406145,
        "strafeAngle": 30.70582488656614,
        "threatRadius": 150.4290046580798,
        "leadWeight": 0.9701973962011731,
        "aimJitter": 0.06412234511605348,
        "targetHealthWeight": 1.3571054588141191,
        "targetDistWeight": 0.07674486080714506
      }
    }
  }
}