{
  "aggScore": -336.33124999999995,
  "wins": 48,
  "losses": 79,
  "draws": 33,
  "cfg": {
    "names": [
      "Aegis-1",
      "Aegis-2",
      "Aegis-3",
      "Aegis-4",
      "Aegis-5",
      "Aegis-6"
    ],
    "layout": [
      "TANKER",
      "TANKER",
      "NORMAL",
      "NORMAL",
      "DEALER",
      "DEALER"
    ],
    "biases": [
      -11.821622957307286,
      9.035304452824604,
      -9.299801397784778,
      7.208827482019432,
      -7.804582505314581,
      3.7247449791509073
    ],
    "params": {
      "TANKER": {
        "minRange": 185.9612175242402,
        "maxRange": 262.5018504978742,
        "strafeAngle": 30.57705039099386,
        "threatRadius": 174.13478589837754,
        "leadWeight": 0.923607528071229,
        "aimJitter": 0.10200208621912496,
        "targetHealthWeight": 1.1356475316635892,
        "targetDistWeight": 0.07773955318646544
      },
      "NORMAL": {
        "minRange": 166.6837951715149,
        "maxRange": 317.4570818400267,
        "strafeAngle": 25.705137314950637,
        "threatRadius": 160.8169886592463,
        "leadWeight": 0.9946998775549709,
        "aimJitter": 0.20331216739734514,
        "targetHealthWeight": 1.3209616847642722,
        "targetDistWeight": 0.0954234082953921
      },
      "DEALER": {
        "minRange": 221.17163404489142,
        "maxRange": 387.5804923267346,
        "strafeAngle": 36.08809679852002,
        "threatRadius": 145.58523847807257,
        "leadWeight": 1.011785170807679,
        "aimJitter": 0.125275799627361,
        "targetHealthWeight": 1.0687005546554533,
        "targetDistWeight": 0.05173377419119502
      }
    }
  }
}