{
  "aggScore": -429.1737500000001,
  "wins": 44,
  "losses": 85,
  "draws": 31,
  "cfg": {
    "names": [
      "Aegis-1",
      "Aegis-2",
      "Aegis-3",
      "Aegis-4",
      "Aegis-5",
      "Aegis-6"
    ],
    "layout": [
      "TANKER",
      "TANKER",
      "NORMAL",
      "NORMAL",
      "DEALER",
      "DEALER"
    ],
    "biases": [
      -10.464832993803766,
      8.804078697850597,
      -4.763711396303908,
      3.4008901822493662,
      0.8231586853025856,
      2.8724219106632845
    ],
    "params": {
      "TANKER": {
        "minRange": 163.71507754391536,
        "maxRange": 275.37091424619564,
        "strafeAngle": 22.70555465188199,
        "threatRadius": 172.80069333826177,
        "leadWeight": 0.9752730858868772,
        "aimJitter": 0.1538438871601985,
        "targetHealthWeight": 1.100743459990187,
        "targetDistWeight": 0.10891510799617235
      },
      "NORMAL": {
        "minRange": 207.73916202228204,
        "maxRange": 313.6294683536835,
        "strafeAngle": 27.3310371926575,
        "threatRadius": 162.3540048020314,
        "leadWeight": 1.0041765294614629,
        "aimJitter": 0.1999435517339018,
        "targetHealthWeight": 1.1304329642716877,
        "targetDistWeight": 0.09124413063361658
      },
      "DEALER": {
        "minRange": 222.5286359388026,
        "maxRange": 395.09158821740306,
        "strafeAngle": 33.62176064833901,
        "threatRadius": 155.27636084391693,
        "leadWeight": 1.0269249959884734,
        "aimJitter": 0.1289087365874718,
        "targetHealthWeight": 1.2512155980186694,
        "targetDistWeight": 0.11299470176385243
      }
    }
  }
}