{
  "aggScore": -290.4412499999999,
  "wins": 55,
  "losses": 82,
  "draws": 23,
  "cfg": {
    "names": [
      "Aegis-1",
      "Aegis-2",
      "Aegis-3",
      "Aegis-4",
      "Aegis-5",
      "Aegis-6"
    ],
    "layout": [
      "TANKER",
      "TANKER",
      "NORMAL",
      "NORMAL",
      "DEALER",
      "DEALER"
    ],
    "biases": [
      -8.835115721449245,
      12.418658397722561,
      -8.832825372077902,
      4.859713270305839,
      -1.8300458354092832,
      1.3964840857810756
    ],
    "params": {
      "TANKER": {
        "minRange": 178.21936412393177,
        "maxRange": 276.2374827751091,
        "strafeAngle": 22.208717534349585,
        "threatRadius": 161.19250887451147,
        "leadWeight": 0.9428127272368948,
        "aimJitter": 0.07690371087459003,
        "targetHealthWeight": 1.304012237414819,
        "targetDistWeight": 0.09097146917383618
      },
      "NORMAL": {
        "minRange": 204.4340785147169,
        "maxRange": 319.28930159692516,
        "strafeAngle": 27.443398203109155,
        "threatRadius": 158.773554278488,
        "leadWeight": 1.014934067539474,
        "aimJitter": 0.11362696500712013,
        "targetHealthWeight": 1.3941552878210488,
        "targetDistWeight": 0.09363989405066757
      },
      "DEALER": {
        "minRange": 240.20286849921817,
        "maxRange": 373.18290498297216,
        "strafeAngle": 33.682434351541076,
        "threatRadius": 156.69187714143703,
        "leadWeight": 0.9516409771761339,
        "aimJitter": 0.1005930070732693,
        "targetHealthWeight": 1.2054846563783423,
        "targetDistWeight": 0.08822795334066515
      }
    }
  }
}