{
  "aggScore": -687.635,
  "wins": 45,
  "losses": 111,
  "draws": 24,
  "cfg": {
    "names": [
      "Aegis-1",
      "Aegis-2",
      "Aegis-3",
      "Aegis-4",
      "Aegis-5",
      "Aegis-6"
    ],
    "layout": [
      "TANKER",
      "TANKER",
      "NORMAL",
      "NORMAL",
      "DEALER",
      "DEALER"
    ],
    "biases": [
      -8.781768430497621,
      10.572681973178547,
      -9.363186445749012,
      7.430526898685088,
      -3.4254900794754786,
      -0.14603958129280237
    ],
    "params": {
      "TANKER": {
        "minRange": 194.3275572780763,
        "maxRange": 325.0462224278401,
        "strafeAngle": 29.016329145992533,
        "threatRadius": 175.230681791128,
        "leadWeight": 0.9867475435655337,
        "aimJitter": 0.1087976267761612,
        "targetHealthWeight": 1.2645812431487549,
        "targetDistWeight": 0.05
      },
      "NORMAL": {
        "minRange": 181.08854888113055,
        "maxRange": 289.04490448363214,
        "strafeAngle": 26.307465073717868,
        "threatRadius": 165.41088709593646,
        "leadWeight": 0.9845415250870073,
        "aimJitter": 0.13188230923382288,
        "targetHealthWeight": 1.2041887322759597,
        "targetDistWeight": 0.15212656515734502
      },
      "DEALER": {
        "minRange": 244.22735305702426,
        "maxRange": 376.9515577744551,
        "strafeAngle": 41.326485830281065,
        "threatRadius": 148.0159722270698,
        "leadWeight": 1.0169060929343765,
        "aimJitter": 0.15061345797466313,
        "targetHealthWeight": 1.3655454747564444,
        "targetDistWeight": 0.10920444258424018
      }
    }
  }
}