{
  "aggScore": -368.99,
  "wins": 62,
  "losses": 97,
  "draws": 33,
  "cfg": {
    "names": [
      "Aegis-1",
      "Aegis-2",
      "Aegis-3",
      "Aegis-4",
      "Aegis-5",
      "Aegis-6"
    ],
    "layout": [
      "TANKER",
      "TANKER",
      "NORMAL",
      "NORMAL",
      "DEALER",
      "DEALER"
    ],
    "biases": [
      -12.483358302356697,
      11.351920795948525,
      -8.921801830490043,
      6.986530387128074,
      -3.1390592805439343,
      2.4367185007513754
    ],
    "params": {
      "TANKER": {
        "minRange": 160.56447728799301,
        "maxRange": 271.96687008777894,
        "strafeAngle": 25.222869436603006,
        "threatRadius": 170.45840748456112,
        "leadWeight": 0.9410617281681746,
        "aimJitter": 0.13269870070045914,
        "targetHealthWeight": 1.318454016194149,
        "targetDistWeight": 0.1256849731480155
      },
      "NORMAL": {
        "minRange": 194.44153719771808,
        "maxRange": 296.9664549897133,
        "strafeAngle": 31.682074158654796,
        "threatRadius": 165.17071752810472,
        "leadWeight": 0.9326819870234927,
        "aimJitter": 0.16860247858992441,
        "targetHealthWeight": 1.3561973614430058,
        "targetDistWeight": 0.0902059898677638
      },
      "DEALER": {
        "minRange": 252.66428803446576,
        "maxRange": 375.88366384830886,
        "strafeAngle": 36.27176115234079,
        "threatRadius": 157.38111084328003,
        "leadWeight": 0.99125584216942,
        "aimJitter": 0.07149321037735419,
        "targetHealthWeight": 1.115998329815441,
        "targetDistWeight": 0.07951844504797222
      }
    }
  }
}