{
  "aggScore": -791.31,
  "wins": 49,
  "losses": 124,
  "draws": 19,
  "cfg": {
    "names": [
      "Aegis-1",
      "Aegis-2",
      "Aegis-3",
      "Aegis-4",
      "Aegis-5",
      "Aegis-6"
    ],
    "layout": [
      "TANKER",
      "TANKER",
      "NORMAL",
      "NORMAL",
      "DEALER",
      "DEALER"
    ],
    "biases": [
      -10.547944717236275,
      12.47233107220053,
      -5.8743475473109825,
      4.10819915097761,
      -3.058804774931531,
      -0.9042155799588905
    ],
    "params": {
      "TANKER": {
        "minRange": 184.67394332073496,
        "maxRange": 293.8919770520671,
        "strafeAngle": 23.631833591569617,
        "threatRadius": 165.67294275492947,
        "leadWeight": 1.0211914569230083,
        "aimJitter": 0.08667309455816843,
        "targetHealthWeight": 1.2711901063729156,
        "targetDistWeight": 0.09959376175887467
      },
      "NORMAL": {
        "minRange": 204.3069159264871,
        "maxRange": 302.4742836614324,
        "strafeAngle": 27.166975794496995,
        "threatRadius": 165.0168476381317,
        "leadWeight": 1.0287309241854976,
        "aimJitter": 0.19401721558295226,
        "targetHealthWeight": 1.240124874747155,
        "targetDistWeight": 0.08218196181857648
      },
      "DEALER": {
        "minRange": 217.3937280101606,
        "maxRange": 371.0544930813889,
        "strafeAngle": 34.211736875047684,
        "threatRadius": 163.10586490382386,
        "leadWeight": 0.9667045039261917,
        "aimJitter": 0.05773398505125913,
        "targetHealthWeight": 1.2785172395081406,
        "targetDistWeight": 0.10933634881766861
      }
    }
  }
}