{
  "aggScore": -155.02625000000003,
  "wins": 60,
  "losses": 74,
  "draws": 26,
  "cfg": {
    "names": [
      "Aegis-1",
      "Aegis-2",
      "Aegis-3",
      "Aegis-4",
      "Aegis-5",
      "Aegis-6"
    ],
    "layout": [
      "TANKER",
      "TANKER",
      "NORMAL",
      "NORMAL",
      "DEALER",
      "DEALER"
    ],
    "biases": [
      -8.33368536861197,
      7.271756855351152,
      -8.602718646310565,
      4.768528329491728,
      -6.455041507939708,
      3.611911633799945
    ],
    "params": {
      "TANKER": {
        "minRange": 171.40982280365714,
        "maxRange": 278.9261080861233,
        "strafeAngle": 24.687814566669537,
        "threatRadius": 166.68467257803513,
        "leadWeight": 0.9609441277778782,
        "aimJitter": 0.08437685780289814,
        "targetHealthWeight": 1.1669357177204418,
        "targetDistWeight": 0.0873500538572338
      },
      "NORMAL": {
        "minRange": 182.85704240119625,
        "maxRange": 305.0997602034326,
        "strafeAngle": 31.34384190166483,
        "threatRadius": 159.53677550995556,
        "leadWeight": 0.9939412047627998,
        "aimJitter": 0.18454543480908148,
        "targetHealthWeight": 1.256967591984595,
        "targetDistWeight": 0.07498348201262234
      },
      "DEALER": {
        "minRange": 232.94056937340036,
        "maxRange": 380.7837646724396,
        "strafeAngle": 34.8192387485139,
        "threatRadius": 150.23058972346254,
        "leadWeight": 0.9761088700580898,
        "aimJitter": 0.1090273205947582,
        "targetHealthWeight": 1.1283987578949155,
        "targetDistWeight": 0.07996380315095554
      }
    }
  }
}