{
  "aggScore": -229.02499999999998,
  "wins": 60,
  "losses": 82,
  "draws": 18,
  "cfg": {
    "names": [
      "Aegis-1",
      "Aegis-2",
      "Aegis-3",
      "Aegis-4",
      "Aegis-5",
      "Aegis-6"
    ],
    "layout": [
      "TANKER",
      "TANKER",
      "NORMAL",
      "NORMAL",
      "DEALER",
      "DEALER"
    ],
    "biases": [
      -5.9104513972933095,
      10.112685736992294,
      -8.783095245481206,
      4.9447217062843265,
      -3.719912955761048,
      3.9540211681061077
    ],
    "params": {
      "TANKER": {
        "minRange": 167.18147237313678,
        "maxRange": 297.0769420686581,
        "strafeAngle": 26.377431972304695,
        "threatRadius": 165.09759674706308,
        "leadWeight": 0.9633974107137866,
        "aimJitter": 0.056672450015110384,
        "targetHealthWeight": 1.1494114803076834,
        "targetDistWeight": 0.11516048255917294
      },
      "NORMAL": {
        "minRange": 197.95471812140036,
        "maxRange": 318.233080061454,
        "strafeAngle": 26.467281486110465,
        "threatRadius": 155.61679399959993,
        "leadWeight": 0.9618826852555478,
        "aimJitter": 0.19452694753858465,
        "targetHealthWeight": 1.3120774781668174,
        "targetDistWeight": 0.08067943311242132
      },
      "DEALER": {
        "minRange": 242.05022651929428,
        "maxRange": 370.6484536743744,
        "strafeAngle": 39.434308240514035,
        "threatRadius": 157.3378201254674,
        "leadWeight": 0.9479113080789433,
        "aimJitter": 0.1201467511709357,
        "targetHealthWeight": 1.2610565011282415,
        "targetDistWeight": 0.0951224946479229
      }
    }
  }
}