{
  "aggScore": -357.26125,
  "wins": 66,
  "losses": 101,
  "draws": 25,
  "cfg": {
    "names": [
      "Aegis-1",
      "Aegis-2",
      "Aegis-3",
      "Aegis-4",
      "Aegis-5",
      "Aegis-6"
    ],
    "layout": [
      "TANKER",
      "TANKER",
      "NORMAL",
      "NORMAL",
      "DEALER",
      "DEALER"
    ],
    "biases": [
      -13.398169434704998,
      11.614422789298679,
      -7.493868884266567,
      5.818986511530223,
      -4.571727366369998,
      4.346589671769099
    ],
    "params": {
      "TANKER": {
        "minRange": 165.90443788176663,
        "maxRange": 300.38823511020496,
        "strafeAngle": 29.826274589777647,
        "threatRadius": 168.43692581888857,
        "leadWeight": 0.9827588375213611,
        "aimJitter": 0.1138229037801016,
        "targetHealthWeight": 1.3618061002823398,
        "targetDistWeight": 0.08423365052757213
      },
      "NORMAL": {
        "minRange": 174.28654220714756,
        "maxRange": 305.87430916965695,
        "strafeAngle": 32.12088102289521,
        "threatRadius": 164.94195910679602,
        "leadWeight": 0.9753823092590584,
        "aimJitter": 0.14673996745298132,
        "targetHealthWeight": 1.3209260372977665,
        "targetDistWeight": 0.12312745210387953
      },
      "DEALER": {
        "minRange": 244.72641775577952,
        "maxRange": 383.38859736558703,
        "strafeAngle": 36.6925429399794,
        "threatRadius": 162.7171248942833,
        "leadWeight": 1.0157101965323987,
        "aimJitter": 0.13197071490837187,
        "targetHealthWeight": 1.2031843405248361,
        "targetDistWeight": 0.09190311787543556
      }
    }
  }
}