{
  "aggScore": -517.6825000000001,
  "wins": 60,
  "losses": 109,
  "draws": 23,
  "cfg": {
    "names": [
      "Aegis-1",
      "Aegis-2",
      "Aegis-3",
      "Aegis-4",
      "Aegis-5",
      "Aegis-6"
    ],
    "layout": [
      "TANKER",
      "TANKER",
      "NORMAL",
      "NORMAL",
      "DEALER",
      "DEALER"
    ],
    "biases": [
      -7.896097471577065,
      6.065356948538819,
      -7.349296966238194,
      9.47102234453441,
      -5.977843659146931,
      4.943937724744016
    ],
    "params": {
      "TANKER": {
        "minRange": 177.75625851535554,
        "maxRange": 305.33569425105514,
        "strafeAngle": 18.058535720024196,
        "threatRadius": 175.21626020558745,
        "leadWeight": 0.9764296306089553,
        "aimJitter": 0.1276346535038418,
        "targetHealthWeight": 1.3846762928737308,
        "targetDistWeight": 0.09829274964926506
      },
      "NORMAL": {
        "minRange": 207.62936791632575,
        "maxRange": 307.6488559933608,
        "strafeAngle": 30.108425341323894,
        "threatRadius": 169.32442382170132,
        "leadWeight": 0.9985732349153819,
        "aimJitter": 0.13197131322595718,
        "targetHealthWeight": 1.1793999579155632,
        "targetDistWeight": 0.0899335141968723
      },
      "DEALER": {
        "minRange": 231.15094615112375,
        "maxRange": 381.87509252873053,
        "strafeAngle": 30.080575597482415,
        "threatRadius": 164.55106583230517,
        "leadWeight": 0.986620388397981,
        "aimJitter": 0.09100372669667581,
        "targetHealthWeight": 1.1126314193103997,
        "targetDistWeight": 0.0988397629149947
      }
    }
  }
}