{
  "aggScore": -536.0899999999999,
  "wins": 59,
  "losses": 109,
  "draws": 24,
  "cfg": {
    "names": [
      "Aegis-1",
      "Aegis-2",
      "Aegis-3",
      "Aegis-4",
      "Aegis-5",
      "Aegis-6"
    ],
    "layout": [
      "TANKER",
      "TANKER",
      "NORMAL",
      "NORMAL",
      "DEALER",
      "DEALER"
    ],
    "biases": [
      -12.260851337750587,
      7.381821443601716,
      -5.282457778595225,
      2.6866289944370347,
      -6.814272377640192,
      2.220529046014958
    ],
    "params": {
      "TANKER": {
        "minRange": 181.59686226412083,
        "maxRange": 283.27766654215617,
        "strafeAngle": 19.9892758776908,
        "threatRadius": 179.66076978697555,
        "leadWeight": 0.9713804140042046,
        "aimJitter": 0.14516883994277915,
        "targetHealthWeight": 1.3390665196120692,
        "targetDistWeight": 0.08956740406544561
      },
      "NORMAL": {
        "minRange": 180.84331020448465,
        "maxRange": 308.26873543292606,
        "strafeAngle": 23.311982607176017,
        "threatRadius": 155.97854891593613,
        "leadWeight": 1.0120653078625592,
        "aimJitter": 0.15949085320774395,
        "targetHealthWeight": 1.1685467280643143,
        "targetDistWeight": 0.07994471930968333
      },
      "DEALER": {
        "minRange": 227.19262319014442,
        "maxRange": 364.7036299555182,
        "strafeAngle": 37.08792307195297,
        "threatRadius": 163.54320060209864,
        "leadWeight": 1.023958661292356,
        "aimJitter": 0.13286821765685192,
        "targetHealthWeight": 1.2281317151544975,
        "targetDistWeight": 0.12033425881590921
      }
    }
  }
}