{
  "aggScore": -359.33000000000004,
  "wins": 47,
  "losses": 81,
  "draws": 32,
  "cfg": {
    "names": [
      "Aegis-1",
      "Aegis-2",
      "Aegis-3",
      "Aegis-4",
      "Aegis-5",
      "Aegis-6"
    ],
    "layout": [
      "TANKER",
      "TANKER",
      "NORMAL",
      "NORMAL",
      "DEALER",
      "DEALER"
    ],
    "biases": [
      -8.915000009048063,
      6.379562695614149,
      -5.340103881423122,
      9.674860405277668,
      -6.087479123048743,
      2.41164161834544
    ],
    "params": {
      "TANKER": {
        "minRange": 152.97475738962675,
        "maxRange": 296.640009011403,
        "strafeAngle": 25.35035882426903,
        "threatRadius": 166.2915406646511,
        "leadWeight": 0.9362605960411553,
        "aimJitter": 0.13651142736848426,
        "targetHealthWeight": 1.3773197533892994,
        "targetDistWeight": 0.09854618725865448
      },
      "NORMAL": {
        "minRange": 190.4368227906743,
        "maxRange": 294.1066548050807,
        "strafeAngle": 27.39593051839709,
        "threatRadius": 154.05553362920324,
        "leadWeight": 1.018070112924473,
        "aimJitter": 0.1399109126335575,
        "targetHealthWeight": 1.340110574812427,
        "targetDistWeight": 0.10975988636049057
      },
      "DEALER": {
        "minRange": 235.00424817111326,
        "maxRange": 389.1031049539679,
        "strafeAngle": 36.11863269897432,
        "threatRadius": 150.99820693033598,
        "leadWeight": 0.9878223038649505,
        "aimJitter": 0.11867759942445694,
        "targetHealthWeight": 1.2994691073253393,
        "targetDistWeight": 0.1290277170641907
      }
    }
  }
}