{
  "aggScore": -410.5887499999999,
  "wins": 50,
  "losses": 89,
  "draws": 21,
  "cfg": {
    "names": [
      "Aegis-1",
      "Aegis-2",
      "Aegis-3",
      "Aegis-4",
      "Aegis-5",
      "Aegis-6"
    ],
    "layout": [
      "TANKER",
      "TANKER",
      "NORMAL",
      "NORMAL",
      "DEALER",
      "DEALER"
    ],
    "biases": [
      -11.293312082089965,
      10.924848108863504,
      -11.295864411339135,
      3.177040028280352,
      -3.794938954790334,
      1.7665011564172897
    ],
    "params": {
      "TANKER": {
        "minRange": 185.88954316645177,
        "maxRange": 282.28748385800014,
        "strafeAngle": 27.4228606803187,
        "threatRadius": 161.7540867429719,
        "leadWeight": 0.9773221767406839,
        "aimJitter": 0.08512598578379842,
        "targetHealthWeight": 1.2947029504795364,
        "targetDistWeight": 0.06381842953977918
      },
      "NORMAL": {
        "minRange": 177.58243191905154,
        "maxRange": 283.3196406781955,
        "strafeAngle": 32.839933413598665,
        "threatRadius": 167.09406390043853,
        "leadWeight": 0.9942313720914095,
        "aimJitter": 0.18508172021295574,
        "targetHealthWeight": 1.2264065164444948,
        "targetDistWeight": 0.06597323196286677
      },
      "DEALER": {
        "minRange": 226.3564475939417,
        "maxRange": 375.98434845001873,
        "strafeAngle": 31.305331794016965,
        "threatRadius": 153.64515380663576,
        "leadWeight": 0.933089939624136,
        "aimJitter": 0.14492746494580688,
        "targetHealthWeight": 1.0786296409214542,
        "targetDistWeight": 0.10832376084347173
      }
    }
  }
}