{
  "aggScore": -326.4912499999999,
  "wins": 69,
  "losses": 100,
  "draws": 23,
  "cfg": {
    "names": [
      "Aegis-1",
      "Aegis-2",
      "Aegis-3",
      "Aegis-4",
      "Aegis-5",
      "Aegis-6"
    ],
    "layout": [
      "TANKER",
      "TANKER",
      "NORMAL",
      "NORMAL",
      "DEALER",
      "DEALER"
    ],
    "biases": [
      -12.332936444960866,
      13.423658045477046,
      -6.614406866943355,
      5.703399625987181,
      -3.9831500263100565,
      1.4493268445493577
    ],
    "params": {
      "TANKER": {
        "minRange": 187.9974625764203,
        "maxRange": 301.7328500090164,
        "strafeAngle": 23.25769371301328,
        "threatRadius": 168.2937046722911,
        "leadWeight": 0.9739449002263223,
        "aimJitter": 0.1124430783343316,
        "targetHealthWeight": 1.1617239293338701,
        "targetDistWeight": 0.09156574022189463
      },
      "NORMAL": {
        "minRange": 186.21812953438456,
        "maxRange": 308.9642533281284,
        "strafeAngle": 22.11790721704872,
        "threatRadius": 156.56392587226395,
        "leadWeight": 0.9380288073231959,
        "aimJitter": 0.11974331272872231,
        "targetHealthWeight": 1.1971474810800504,
        "targetDistWeight": 0.0937926317919242
      },
      "DEALER": {
        "minRange": 234.8838980394992,
        "maxRange": 371.52918368027656,
        "strafeAngle": 32.63536118421106,
        "threatRadius": 148.6326122485872,
        "leadWeight": 0.9805038734513487,
        "aimJitter": 0.07357739757650013,
        "targetHealthWeight": 1.2696155593734335,
        "targetDistWeight": 0.09635803838910842
      }
    }
  }
}