{
  "aggScore": -222.87749999999994,
  "wins": 59,
  "losses": 80,
  "draws": 21,
  "cfg": {
    "names": [
      "Aegis-1",
      "Aegis-2",
      "Aegis-3",
      "Aegis-4",
      "Aegis-5",
      "Aegis-6"
    ],
    "layout": [
      "TANKER",
      "TANKER",
      "NORMAL",
      "NORMAL",
      "DEALER",
      "DEALER"
    ],
    "biases": [
      -10.837329337858192,
      7.611642809057644,
      -11.050821043528517,
      3.336421273539857,
      -2.934783963690103,
      1.3256668404502427
    ],
    "params": {
      "TANKER": {
        "minRange": 161.5080982104983,
        "maxRange": 287.8848688212197,
        "strafeAngle": 20.09626408714881,
        "threatRadius": 165.68700490369497,
        "leadWeight": 0.9709154478802529,
        "aimJitter": 0.09907752457689238,
        "targetHealthWeight": 1.1957371938444936,
        "targetDistWeight": 0.06148981941213624
      },
      "NORMAL": {
        "minRange": 177.228394039761,
        "maxRange": 292.41954381007287,
        "strafeAngle": 36.33754795263988,
        "threatRadius": 157.036793956593,
        "leadWeight": 1.018552143897423,
        "aimJitter": 0.1961201830899133,
        "targetHealthWeight": 1.2500148179293373,
        "targetDistWeight": 0.07645906448881486
      },
      "DEALER": {
        "minRange": 239.29057827349527,
        "maxRange": 392.91423267214554,
        "strafeAngle": 34.286573669552695,
        "threatRadius": 151.31286046416307,
        "leadWeight": 0.9726707615640319,
        "aimJitter": 0.14509589301254822,
        "targetHealthWeight": 1.2214741426598044,
        "targetDistWeight": 0.10386523206927585
      }
    }
  }
}