{
  "aggScore": -433.63000000000005,
  "wins": 63,
  "losses": 104,
  "draws": 25,
  "cfg": {
    "names": [
      "Aegis-1",
      "Aegis-2",
      "Aegis-3",
      "Aegis-4",
      "Aegis-5",
      "Aegis-6"
    ],
    "layout": [
      "TANKER",
      "TANKER",
      "NORMAL",
      "NORMAL",
      "DEALER",
      "DEALER"
    ],
    "biases": [
      -9.658770370011144,
      9.8708678730961,
      -9.269794559443461,
      4.355684428970763,
      -4.442112870892085,
      1.3393204822246911
    ],
    "params": {
      "TANKER": {
        "minRange": 185.57761553174961,
        "maxRange": 304.1980030577699,
        "strafeAngle": 19.946491363582584,
        "threatRadius": 171.24558557686257,
        "leadWeight": 1.0016387279831025,
        "aimJitter": 0.15821785269589034,
        "targetHealthWeight": 1.1888270061695922,
        "targetDistWeight": 0.07452355425815109
      },
      "NORMAL": {
        "minRange": 173.4686889248047,
        "maxRange": 304.16903927733864,
        "strafeAngle": 22.175515665818292,
        "threatRadius": 164.87262672007884,
        "leadWeight": 0.9775683435211475,
        "aimJitter": 0.1741705105122336,
        "targetHealthWeight": 1.3676655099221855,
        "targetDistWeight": 0.10783355931450936
      },
      "DEALER": {
        "minRange": 241.91489772016837,
        "maxRange": 397.5349057111247,
        "strafeAngle": 29.697117971910128,
        "threatRadius": 156.58605656108742,
        "leadWeight": 0.944624232448878,
        "aimJitter": 0.08687231251957823,
        "targetHealthWeight": 1.2291106784185053,
        "targetDistWeight": 0.12052615813519169
      }
    }
  }
}