{
  "aggScore": -1121.4137500000002,
  "wins": 37,
  "losses": 143,
  "draws": 12,
  "cfg": {
    "names": [
      "Aegis-1",
      "Aegis-2",
      "Aegis-3",
      "Aegis-4",
      "Aegis-5",
      "Aegis-6"
    ],
    "layout": [
      "TANKER",
      "NORMAL",
      "DEALER",
      "DEALER",
      "DEALER",
      "DEALER"
    ],
    "biases": [
      -6.199745353083657,
      12.551508461385872,
      -6.2754705434727995,
      16.319125498081167,
      -10.864037030774975,
      11.182306182663918
    ],
    "params": {
      "TANKER": {
        "minRange": 173.247567924271,
        "maxRange": 269.3164427066179,
        "strafeAngle": 29.463402831416502,
        "threatRadius": 160.78628533715238,
        "leadWeight": 1.0119544694999139,
        "aimJitter": 0.15087764437404316,
        "targetHealthWeight": 1.384055203098922,
        "targetDistWeight": 0.10335027718381383
      },
      "NORMAL": {
        "minRange": 202.1195106395531,
        "maxRange": 322.9223510403549,
        "strafeAngle": 32.3666874178657,
        "threatRadius": 166.14148959369197,
        "leadWeight": 1.0030318048421518,
        "aimJitter": 0.1268892442405442,
        "targetHealthWeight": 1.3793134473922934,
        "targetDistWeight": 0.10569134138833321
      },
      "DEALER": {
        "minRange": 221.13137186868033,
        "maxRange": 379.05010841884103,
        "strafeAngle": 34.79085250074246,
        "threatRadius": 152.9597915640952,
        "leadWeight": 1.0254606650759281,
        "aimJitter": 0.08074618510739456,
        "targetHealthWeight": 1.128472526589361,
        "targetDistWeight": 0.11017319672556644
      }
    }
  }
}