{
  "aggScore": -205.8525,
  "wins": 73,
  "losses": 93,
  "draws": 26,
  "cfg": {
    "names": [
      "Aegis-1",
      "Aegis-2",
      "Aegis-3",
      "Aegis-4",
      "Aegis-5",
      "Aegis-6"
    ],
    "layout": [
      "TANKER",
      "TANKER",
      "NORMAL",
      "NORMAL",
      "DEALER",
      "DEALER"
    ],
    "biases": [
      -13.47112033549855,
      12.790828782473854,
      -6.6427377358163255,
      6.222561080935067,
      -3.61694097443284,
      0.8814915098540403
    ],
    "params": {
      "TANKER": {
        "minRange": 183.29082104861084,
        "maxRange": 300.16383602145663,
        "strafeAngle": 21.65325759522018,
        "threatRadius": 173.95608488870693,
        "leadWeight": 0.9855428557789211,
        "aimJitter": 0.0802120775131569,
        "targetHealthWeight": 1.206752535971612,
        "targetDistWeight": 0.08419392729151366
      },
      "NORMAL": {
        "minRange": 182.10181338027348,
        "maxRange": 314.31540571307977,
        "strafeAngle": 22.95930928023489,
        "threatRadius": 161.78267178270912,
        "leadWeight": 1.0070576795571184,
        "aimJitter": 0.19392366744629194,
        "targetHealthWeight": 1.2558172712703752,
        "targetDistWeight": 0.09088779338433729
      },
      "DEALER": {
        "minRange": 224.07523366348664,
        "maxRange": 377.0317627220681,
        "strafeAngle": 39.793337804212534,
        "threatRadius": 149.99716917850844,
        "leadWeight": 1.0318618224232108,
        "aimJitter": 0.14005286927955413,
        "targetHealthWeight": 1.1848960377957787,
        "targetDistWeight": 0.12190475309879165
      }
    }
  }
}