{
  "aggScore": -702.4762499999999,
  "wins": 51,
  "losses": 117,
  "draws": 24,
  "cfg": {
    "names": [
      "Aegis-1",
      "Aegis-2",
      "Aegis-3",
      "Aegis-4",
      "Aegis-5",
      "Aegis-6"
    ],
    "layout": [
      "TANKER",
      "TANKER",
      "DEALER",
      "DEALER",
      "DEALER",
      "NORMAL"
    ],
    "biases": [
      -6.156663052158869,
      13.85700450310318,
      -5.790055343420253,
      10.280237255828347,
      -9.992419345010635,
      11.180135725648002
    ],
    "params": {
      "TANKER": {
        "minRange": 152.9484360192168,
        "maxRange": 311.4136562595343,
        "strafeAngle": 28.882816415344635,
        "threatRadius": 165.8542713366964,
        "leadWeight": 0.9916431507317948,
        "aimJitter": 0.12892886942463294,
        "targetHealthWeight": 1.3203460353063248,
        "targetDistWeight": 0.11944035031412444
      },
      "NORMAL": {
        "minRange": 207.80043748661916,
        "maxRange": 323.8774008106958,
        "strafeAngle": 23.244812782778375,
        "threatRadius": 157.43129816384715,
        "leadWeight": 0.9315658301783448,
        "aimJitter": 0.1524985525702923,
        "targetHealthWeight": 1.2677993197004829,
        "targetDistWeight": 0.08753771493753175
      },
      "DEALER": {
        "minRange": 225.43544003203306,
        "maxRange": 367.4711227496731,
        "strafeAngle": 37.37672486679246,
        "threatRadius": 148.07596408109177,
        "leadWeight": 0.9945300888273426,
        "aimJitter": 0.09511540977855795,
        "targetHealthWeight": 1.3682105342237332,
        "targetDistWeight": 0.09451742885340916
      }
    }
  }
}