{
  "aggScore": -265.43875,
  "wins": 54,
  "losses": 79,
  "draws": 27,
  "cfg": {
    "names": [
      "Aegis-1",
      "Aegis-2",
      "Aegis-3",
      "Aegis-4",
      "Aegis-5",
      "Aegis-6"
    ],
    "layout": [
      "TANKER",
      "TANKER",
      "NORMAL",
      "NORMAL",
      "DEALER",
      "DEALER"
    ],
    "biases": [
      -4.878947916447691,
      5.931265961388515,
      -12.330004317623443,
      6.203083324635783,
      -6.207118481330593,
      6.542756863690817
    ],
    "params": {
      "TANKER": {
        "minRange": 182.31365950274724,
        "maxRange": 267.0385005196033,
        "strafeAngle": 23.751239545161656,
        "threatRadius": 173.71412385111165,
        "leadWeight": 0.9794670114771381,
        "aimJitter": 0.07447783836342825,
        "targetHealthWeight": 1.0179498354007126,
        "targetDistWeight": 0.06799803950672186
      },
      "NORMAL": {
        "minRange": 189.00202841610482,
        "maxRange": 323.4847802915576,
        "strafeAngle": 30.22978268529716,
        "threatRadius": 152.52915909159046,
        "leadWeight": 1.0166126772534625,
        "aimJitter": 0.16300028489290347,
        "targetHealthWeight": 1.355096714143004,
        "targetDistWeight": 0.05126210778616146
      },
      "DEALER": {
        "minRange": 231.91158256312232,
        "maxRange": 359.3585313934708,
        "strafeAngle": 40.80355392982591,
        "threatRadius": 152.95211245475664,
        "leadWeight": 0.9917068331383552,
        "aimJitter": 0.14620699154724281,
        "targetHealthWeight": 1.2711650727903003,
        "targetDistWeight": 0.0987230583078516
      }
    }
  }
}