{
  "aggScore": -688.44875,
  "wins": 51,
  "losses": 115,
  "draws": 26,
  "cfg": {
    "names": [
      "Aegis-1",
      "Aegis-2",
      "Aegis-3",
      "Aegis-4",
      "Aegis-5",
      "Aegis-6"
    ],
    "layout": [
      "TANKER",
      "TANKER",
      "DEALER",
      "DEALER",
      "DEALER",
      "NORMAL"
    ],
    "biases": [
      -6.385061786244229,
      11.333040764875433,
      -13.684670873231676,
      12.056240081770822,
      -7.41778925896365,
      11.480725364144227
    ],
    "params": {
      "TANKER": {
        "minRange": 166.35065927806363,
        "maxRange": 271.7235002248741,
        "strafeAngle": 28.740690118789836,
        "threatRadius": 160.9513163254717,
        "leadWeight": 0.9613597169371257,
        "aimJitter": 0.07805327039984591,
        "targetHealthWeight": 1.3659836950485693,
        "targetDistWeight": 0.1154841014769539
      },
      "NORMAL": {
        "minRange": 181.67978073306506,
        "maxRange": 319.83527123897784,
        "strafeAngle": 30.267823175823956,
        "threatRadius": 153.9759346551604,
        "leadWeight": 0.9366774692480246,
        "aimJitter": 0.1775566197395384,
        "targetHealthWeight": 1.1499259586964574,
        "targetDistWeight": 0.11469461671935055
      },
      "DEALER": {
        "minRange": 239.6258458406107,
        "maxRange": 377.8477514701756,
        "strafeAngle": 31.92085671551948,
        "threatRadius": 161.86748496460584,
        "leadWeight": 0.9712266206228141,
        "aimJitter": 0.12751902781408322,
        "targetHealthWeight": 1.1596961283286333,
        "targetDistWeight": 0.1255755145553748
      }
    }
  }
}