{
  "aggScore": -408.62375,
  "wins": 61,
  "losses": 100,
  "draws": 31,
  "cfg": {
    "names": [
      "Aegis-1",
      "Aegis-2",
      "Aegis-3",
      "Aegis-4",
      "Aegis-5",
      "Aegis-6"
    ],
    "layout": [
      "TANKER",
      "TANKER",
      "NORMAL",
      "NORMAL",
      "DEALER",
      "DEALER"
    ],
    "biases": [
      -10.718054132778722,
      13.180325240835899,
      -9.348549276235458,
      2.4019641792554687,
      -5.699737363967833,
      1.9705853249212026
    ],
    "params": {
      "TANKER": {
        "minRange": 177.7341053121961,
        "maxRange": 307.3358865472579,
        "strafeAngle": 27.621443685448092,
        "threatRadius": 171.40227966410797,
        "leadWeight": 0.9892070316493516,
        "aimJitter": 0.11991993278537379,
        "targetHealthWeight": 1.2544677527042427,
        "targetDistWeight": 0.10088124155371146
      },
      "NORMAL": {
        "minRange": 195.8440685079093,
        "maxRange": 314.19064104630013,
        "strafeAngle": 32.823174756927386,
        "threatRadius": 157.95763253764585,
        "leadWeight": 1.0079105714446153,
        "aimJitter": 0.1328528984989565,
        "targetHealthWeight": 1.340877117062224,
        "targetDistWeight": 0.12949275058501564
      },
      "DEALER": {
        "minRange": 229.0791476138706,
        "maxRange": 360.8610448510028,
        "strafeAngle": 36.715002041331914,
        "threatRadius": 148.8822998944379,
        "leadWeight": 0.987165810358424,
        "aimJitter": 0.06244595455129973,
        "targetHealthWeight": 1.3893555129226793,
        "targetDistWeight": 0.08230485105083542
      }
    }
  }
}