{
  "aggScore": -508.858,
  "wins": 50,
  "losses": 99,
  "draws": 31,
  "cfg": {
    "names": [
      "Aegis-1",
      "Aegis-2",
      "Aegis-3",
      "Aegis-4",
      "Aegis-5",
      "Aegis-6"
    ],
    "layout": [
      "TANKER",
      "TANKER",
      "NORMAL",
      "NORMAL",
      "DEALER",
      "DEALER"
    ],
    "biases": [
      -6.781382716959559,
      8.455460214376652,
      -4.741980552030398,
      6.205747963040084,
      -4.945110860899188,
      0.14972294724784518
    ],
    "params": {
      "TANKER": {
        "minRange": 177.33840182810766,
        "maxRange": 303.8622765161396,
        "strafeAngle": 29.787870347179545,
        "threatRadius": 168.99515711691595,
        "leadWeight": 1.0269734005677433,
        "aimJitter": 0.1132029950423257,
        "targetHealthWeight": 1.314059095145973,
        "targetDistWeight": 0.07383093678600468
      },
      "NORMAL": {
        "minRange": 173.3746715354663,
        "maxRange": 319.063236446342,
        "strafeAngle": 24.17353283133653,
        "threatRadius": 171.6755060669187,
        "leadWeight": 0.9788228399994471,
        "aimJitter": 0.14190869240214835,
        "targetHealthWeight": 1.188991309181648,
        "targetDistWeight": 0.08505553515222938
      },
      "DEALER": {
        "minRange": 242.1628530067225,
        "maxRange": 401.5637982712916,
        "strafeAngle": 29.44384715704668,
        "threatRadius": 155.97518071299672,
        "leadWeight": 1.0397443607975725,
        "aimJitter": 0.12302447305162774,
        "targetHealthWeight": 1.1735842042680997,
        "targetDistWeight": 0.07333593515680537
      }
    }
  }
}