{
  "leadCap": 13,
  "leadWeight": 0.9432098813442191,
  "aimJitter": 0.232143643451934,
  "velSmooth": 0.7671090712571638,
  "minRange": 132,
  "maxRange": 271,
  "strafeAngle": 30,
  "strafeSpread": 15,
  "approachSpread": 22,
  "escapeSpread": 13,
  "threatRadius": 160,
  "threatFleeBias": 6,
  "allySep": 63,
  "edgeMargin": 34,
  "bias": 16,
  "targetHealthWeight": 0.8756202527500199,
  "targetDistWeight": 0.06387335491035079,
  "finishHp": 18,
  "finishRemain": 2,
  "finishMinDelta": 41,
  "finishMaxDelta": 16
}