{
  "leadCap": 11,
  "leadWeight": 1.0081642081073898,
  "aimJitter": 0.21792742179178068,
  "velSmooth": 0.6993009324567037,
  "minRange": 125,
  "maxRange": 210,
  "strafeAngle": 18,
  "strafeSpread": 15,
  "approachSpread": 20,
  "escapeSpread": 35,
  "threatRadius": 168,
  "threatFleeBias": 10,
  "allySep": 62,
  "edgeMargin": 46,
  "bias": 12,
  "targetHealthWeight": 1.7712916778240868,
  "targetDistWeight": 0.038733228951058254,
  "finishHp": 17,
  "finishRemain": 1,
  "finishMinDelta": 26,
  "finishMaxDelta": 26
}