{
  "leadCap": 17,
  "leadWeight": 1.0641283051286887,
  "aimJitter": 0.18310867520117902,
  "velSmooth": 0.5710469283876306,
  "minRange": 159,
  "maxRange": 275,
  "strafeAngle": 32,
  "strafeSpread": 22,
  "approachSpread": 17,
  "escapeSpread": 25,
  "threatRadius": 159,
  "threatFleeBias": 20,
  "allySep": 67,
  "edgeMargin": 35,
  "bias": 15,
  "targetHealthWeight": 1.4483857449916873,
  "targetDistWeight": 0.14901503287107815,
  "finishHp": 17,
  "finishRemain": 1,
  "finishMinDelta": 23,
  "finishMaxDelta": 17
}