{"INPUT_SIZE":64,"H1":64,"H2":64,"OUTPUT_SIZE":9,"W1":[-0.31530280830130775,0.6838581558097278,-1.1921963504126492,-0.9777288352865598,-1.9416205672701001,0.5260444843182505,0.6922912326901852,1.2985551883206847,-1.5539195572349396,-0.3912560280919807,0.42020163278602496,-0.3844352571517004,0.3269343550963684,0.9330589077292124,-0.04276872519057483,0.6566218931160184,-0.51084383845081,1.3707571978971933,-1.0409841545504643,0.4771402439159982,-1.5387674813055519,0.9945405303707507,0.560591724720972,0.19929935348970973,-0.5753658439706337,1.0663259863446948,1.2704091941161733,0.19345074617107733,-0.30526310633811055,-0.12195381055671733,-0.13719563176873786,0.1846592269223049,-1.1977072984314323,-0.15662200378017976,-0.4934757447905439,-0.12314119866720043,-3.9036548547256755,0.5781618396438668,0.4237212211957813,-1.0623793767266791,0.6358722524824019,0.3281639657778015,-0.08924793033863113,0.6980782919076791,-0.22071057373263794,-0.4198544441026808,1.1372884887692187,0.5613479219843591,1.8457544939317438,1.0630379641601944,-1.329215015283142,-0.7986700170010459,-0.4645577895464721,-2.1489700600454285,1.4180978605053216,0.8814729000747181,0.12997582179001071,-0.7066327579633245,0.49372998936286594,-1.0538492959991959,0.8423493576470186,1.1713645129995123,-0.47321809997484,1.571515790632075,-0.6573618933793033,-0.5892974606736832,0.24550855981778158,0.012737913084492743,0.3531634469599525,0.309133309644933,0.37678184017852023,0.25595723219879485,0.4095096341126111,1.1788298942318585,2.687799952279572,-0.08190378399442955,-1.0480726481146547,0.6067299806487454,-1.2289987507076605,-0.7122154290740046,-1.1258855576361366,-0.0281402699016819,-0.8088695520243936,0.020068695418027985,-0.5947926829798276,-0.6822826504049202,0.2861840445351405,1.467768805679447,0.12030146156251767,-0.8913910515031183,0.1929259528652229,0.25484997542888715,0.9531158999118143,0.05495654712145349,-1.5183962749287687,1.1309444095164738,0.3725395036875708,0.04353903887630883,-0.6036996832505311,-1.1376563347172057,0.5929257041799618,1.6331934760213422,-0.6788619276567102,-0.41707916192714534,-0.07350500824445186,-0.3194333643897148,-0.02905632686558344,0.5271904113745706,-1.728919573825813,0.028606864084792724,-1.1962703175780924,0.5837371955969544,0.2976593617981287,1.3025793363928209,-0.43721631606963984,-1.5471113013138496,-1.8194942843122064,-1.9985004440990137,-0.5541202137152414,1.0061461449026108,0.4221759475870979,1.0229252696882467,-1.665774681906159,1.3101629422977927,0.07016183137766492,0.23883114660755211,-0.1475797919133362,-1.0016371871307128,-1.9204060058296455,-0.7347085908903661,0.5873718346564794,-0.3594218746524665,1.1161386125726547,-0.588529286816567,-0.22513307647684122,2.614826829250747,-0.34195451599441906,-0.31075046140907303,3.0575318297118828,0.5917988446421298,-0.9188565296688196,1.5378075993817548,-1.8467970146580557,1.2589840714517901,1.94972460020464,0.7847646652729752,0.08784005246822477,-0.4987100198317156,0.13289649219950156,0.5463175285555303,-0.6854303880142085,-1.3241267077923085,-0.2211459393414862,0.1834608024926374,-1.0401140606624795,0.718473920457795,0.34628520918981154,-0.6506211973777047,-1.4574996268011384,-1.4401703656512503,0.07100799060631102,-1.3569302076056466,0.40047273820432205,0.5854970005505651,2.2032510167451056,-0.12008441383121576,-0.5354557145108888,-1.2561957224615408,0.519751959042234,1.1453083384304197,-0.1163425568527604,-0.33525416937787383,-1.1449679560823656,0.4290823782816977,1.506689100722122,-3.8148154249343804,-2.549799709670794,0.2344897561692189,1.083948849517515,-0.8195835648186405,-0.9237341342241698,0.010338123837947896,1.7405182072711334,0.4386210092726541,1.482884265006537,-1.3550695641809711,-0.34078831558232914,-0.32317634728961997,-0.17846569352385355,1.9622393627285781,1.12291097311505,-1.3379561878866066,-1.27461068266001,-1.533284227852802,0.9637677604738625,0.24805309999895597,-0.5000724392034478,0.1107550561210229,-0.8280678931092333,1.439410429844631,1.1558136082338473,0.6831333479940986,-0.7189899841473788,-1.3772174682139333,1.718129076867862,0.7467937644350792,-1.4407956784487088,0.15894815816954105,-1.1027215272252864,-0.7920858942660818,-0.5357873079758553,0.3152057715734163,-0.8481590181308087,0.7893792291181823,-0.8088076911685347,2.416665396716323,0.17743073208141535,-0.5977998825982452,2.356493013904891,0.7114641543351574,0.5003398839053952,0.30414095518075573,0.8380021431927369,0.3509926932858458,1.2514943206268403,0.7005424050833751,-1.613242459290643,1.2551536151276892,-2.390266656385565,-1.516363990194798,-0.8084086277698217,-0.744700259139058,0.14292614173774948,-0.983216756437338,-1.7351297477551333,1.080144886253472,-0.06159584338883528,1.0489561175510773,-0.5564492759495596,1.1547526814290892,1.675450465589499,-0.4108527417634483,-2.1264559966381578,0.9093047849484832,0.1055419669085987,-0.8626988378605889,1.7047702719709399,-0.1831049413472268,-0.5338296259840177,0.8537796622089984,-1.0098949426819448,-1.287336490091964,-0.8777620196334737,-0.42016871071776296,-0.18139089181666962,-0.08986485845579774,0.5042370358102175,0.8993197904624172,0.27723084634353,-1.1337018773481695,0.71310598296463,-1.2135137394456879,-0.10289391329868766,0.7965180379352501,-1.988632615406293,-0.21764226658138075,1.1625697260792873,-0.5534056774255623,-0.21170099211849586,-0.39656990497548184,-0.05267539392964114,-0.8632408029313277,-1.4867603778637752,0.8628313578972671,1.4615663302690884,0.40365654938498685,-1.1360186726277994,-1.3069326189333936,-1.3044603647741904,0.25906960819882896,-1.3161203586235994,-0.4955011351054629,-0.9183076153616229,-0.001255895835367421,-0.42803806460282134,0.22716680031537326,-0.5230601325044064,0.20580563930842008,0.38322501192472197,-0.3343584870917352,2.528990876695512,-0.1250727236006066,-1.2565225051998103,0.9526592348524467,-0.39091816491630177,-0.11530608737662548,-0.09234797141564272,-1.353924974962882,0.18473679933886855,0.9481471181788237,1.110360202905032,0.6104988203318255,-0.5790989750409365,-0.47879207698870896,-0.19261441099554283,2.030406213473879,-0.522507894954995,-1.7673481437422343,-1.0928105384871083,-0.7699126295293737,1.1416195525664166,-2.0352954751379304,-0.24397452450215287,0.14502199517272352,0.29319034529196303,0.024208115847465225,0.23543986050647098,1.2081732697536245,-1.5827127322659198,0.22947122285565205,0.8328889519542997,1.5271921238961133,0.6106791641008854,0.3420754980095493,0.15831557418458403,0.012745557956744289,0.7676169821676637,0.4905423188175012,0.5241644975156956,-0.2062930396897497,0.08429734278282003,0.29105458460006883,0.7806414072687002,-0.1321032893091168,-1.1223699594550531,1.7557102231874788,-0.693855896251729,0.054145028969572934,-2.333959098377769,0.8738596538370061,-0.17863765897964654,1.9414240275175185,-0.42341076395507526,-0.9452013920397961,0.827851095997636,0.07701340425666678,1.047216197630632,-0.1105710717129708,-0.6684353912439449,-1.557521417048001,0.09957481339712501,-0.4902430350691944,-0.040129590661816775,0.38468967354552985,0.7297093562280033,0.560320779561463,-1.135625923180724,0.14682577145507947,-0.8083243387445136,-1.9000079389830407,0.994525772274569,1.4755908137467821,0.8967620606587904,0.23861320218406457,0.3675283009084465,-0.8188470873074039,0.021257094908259666,0.10582193073132817,-2.4352352339112513,-1.6931972466923033,0.252446233809555,1.592582155038731,1.6020364457117862,-1.0955089451758262,-0.4873075887273138,0.09291056460710073,0.525275386430369,1.1733893603994034,-0.17031402866606532,-0.6767444129901503,-0.9601413154806259,-1.146582047385986,0.4953383400814673,-1.6219033453653857,-0.7025780114925501,0.24007151952374323,0.46309829102857136,-0.03742592991165477,0.9666444930881912,-1.7273112287562733,0.922046942387724,0.4520769932719499,-0.44318656268886125,0.11425386466223555,-1.1852540174148996,0.9406775923039913,0.07615903112020314,0.14896369869660775,1.4688404266181674,0.5386578389896278,-1.3628372981025478,0.11294705023439305,0.884225107794666,-1.0247836672916344,-0.31037956822690205,