{"INPUT_SIZE":64,"H1":64,"H2":64,"OUTPUT_SIZE":9,"W1":[0.5820620294657382,-0.004422265867801561,0.1019121730962056,-0.4302402951386365,-0.3235113769412452,0.1604459191503717,-0.24362960343385093,0.5022144531676149,-0.5384934071353801,0.5729800963182713,-0.5790844541989493,-0.5558369652894843,-0.3148860747692168,0.14970364180889736,-0.2365493097087703,0.49073327331832073,0.1932794583297143,-0.5062140346065668,0.2052023896395053,0.7954967474668331,-0.9374710342443119,-0.1293648139370791,0.21146797100956408,0.07892754653307243,-0.5916514089995363,0.5411043699049721,0.2955685029862919,0.18163687188741579,-0.5628021928093705,0.055354891591808245,-1.401205147312316,-0.09818294708458414,0.7660451275082999,-0.789743742626422,0.7349867043931964,-0.46914936097036486,-0.5153899475378958,0.038220545412609025,0.9106200006492605,0.07296191215982287,0.8522085237220026,-0.1919450369747474,-0.7755257459996943,0.3872189795021059,1.0223154279389983,0.43208573849653803,0.9824313754394911,0.1289553573930195,-0.42102008703967,0.18164777601194598,0.04251431547898059,-0.6204783545562895,-0.38809261800849887,0.05237054580720997,-0.8294693394522308,0.28386189208191653,-0.2558939355664303,0.13871155284079312,-0.019861740101925512,0.38141403691627,0.127851763985849,-0.30507139477382483,-0.3140892666157033,0.17089070371478945,-0.7742491008354554,0.4994620278281778,-1.335115376926589,-0.11084436264013789,0.8884802569505674,-0.16916562161807347,-0.39441074713373353,-0.5291090002844461,0.03563780606731394,0.11935261458809288,0.3020656367669603,-0.12006117867306983,-0.5733422163257728,-0.7237409484357588,0.42876641611628186,-0.3546778409194823,-0.4844360179944659,-0.4016475431212627,-0.6691181054353161,0.5088809870244956,0.7137022983001787,-0.34871738238477523,-0.6922961148363383,-0.023702439926679142,-0.4193066819777043,0.024801093338994266,0.03724615295532526,0.6166026733613147,-0.591038920217896,0.23227962930575496,0.8640766812041019,0.28955402585760026,-0.09245439423614064,0.1933543100246589,0.05129824105051256,0.04159603932005772,0.17546586622449828,0.8873415686551862,-0.21159083487431707,0.2060627744200749,0.7225955376436186,0.040131594701607216,-0.29640910601440634,0.11835096606481207,0.8375288400816158,-0.5014525359349011,0.19512595216585965,0.14064903841514537,-0.4840014512364906,-0.651431017021487,1.4964704609530977,0.21914540315464867,-0.9237539326377071,1.2499113612083619,-0.11651780271636182,-0.22672024204890628,0.5115325917056197,-0.4007355051716738,0.008513351501120647,0.5323095421075462,0.6909111990516762,-0.3412459965075466,-0.297462610810146,-0.2867337798606055,0.8843889490876506,0.2766605565162913,-0.02876911437672927,0.020964051342832288,-0.13972488337964872,-0.6681656371259682,0.7538361594637683,0.3882808623712438,0.5453598470083841,-0.786871767354594,0.31099480046212286,0.23289963946074066,-0.46421293342665065,-0.09688643142541617,-0.376018696271594,-0.4083041656381313,-1.4070489717982366,-1.6284963961601597,-0.7285404861263192,0.8156204937220581,0.7854859085825523,0.6175279093659969,-0.3484683787187042,-0.2645192178726149,0.1571118162057005,0.04536260732188817,0.48111115273778793,0.006569164449002254,-0.6184661954916688,0.6904917131740991,0.3355079473309943,-0.43863111307882685,0.08411250360230059,0.04962620941130029,-0.007769013214935505,-0.4949982196170122,-0.9225923152120385,0.687241564736698,0.5051740402969812,-0.25954605059113867,0.3941891629566154,0.06542266452906063,0.7180900193222534,0.3516483785758297,-0.16049492672738364,-1.170300311062481,-0.4516675518015763,-0.29333335893528395,0.41034889973664945,-0.686013813487333,0.3977381446800792,0.055458317559940754,-0.43435036206780625,0.5253899763536906,0.02763227456526328,-0.3074749635191021,-0.11938693288647234,0.5128928251921773,1.370692390533958,0.6031722013394596,0.5039657947930606,-0.17240819752990202,0.5887769572240317,-0.11282480273908461,-0.9598140723129647,0.36684639018276916,-1.3500210620814805,-0.5150030856266403,-0.9540131265025471,0.24360809647720266,-0.8458821679770111,0.31408732917758764,-0.36190240244049415,0.7534489307822451,-0.09147702319484267,-0.2320340065015545,0.22448783445534937,-0.14518626585117728,0.044007984491301,-0.38319344345047773,0.1086016447211178,-0.6444099973484316,0.7350737755624461,-0.27552242163320606,-0.19104443162023954,-0.26267738230488735,-0.2249602097310794,0.6575846403481964,-0.4185718124469263,0.4661926996522058,0.7974860107775459,-0.0027348527055710004,-0.7977612877397842,0.4875248883030548,-0.7346196530513229,-0.14538613787824492,-0.6820361490701161,2.05798321528514,0.5308291993931323,0.741339525540018,-1.1614175220703453,0.565787042597084,-0.4703702307651989,-0.43293982672622,0.27891216575095634,0.3273453579326294,0.29270164632538365,-0.9547102167706534,0.863638630657954,-0.14824628918766336,0.22237995324057797,0.06152376247127128,0.1497843272819602,-0.6618390813452254,-0.508994965815494,-0.8447341977197201,-0.11957668865625468,-0.12290503807375666,0.08848902014360023,-0.02650946944614943,0.2460468591025382,0.1834381549795407,0.036203224134782705,0.3642927332501752,0.16008174229909455,0.8927852452191349,-0.41668812393843885,0.7165906234911739,-0.5530736835005409,-0.3397398272254497,0.7444029577495656,-0.24224387230313557,0.6116562747315785,-0.31525941750975417,-0.7056436191605795,0.5733832388370469,-0.9422204996946572,-0.014276392783222513,1.1375552549703507,0.2504915136233472,0.3638357704025056,-0.5151335924775446,-0.38895769358781157,-0.025326959705958454,0.10779401630711898,-0.32583492437839606,0.49381638495760494,-0.9572944641545079,0.4825109229830551,-0.5983204324045784,0.2613319952983821,-0.13394457654606756,0.050289365541077574,-0.7948637983984626,-0.5979701719929228,0.04609948941258844,-0.6802800283344217,-1.0429919278844877,-0.3467440525169433,0.33373974662733086,-0.40941493301741533,0.9469700017930481,-0.20646695605781043,0.381908879880168,-0.7326091388102461,0.6704351790806208,0.42580488667016514,-0.7988140528373724,0.41174802642272534,0.23877411542129856,-0.055826808681105164,-0.3451881750474204,-0.2384354019010607,0.23027096255229257,0.07948403690468728,0.058332220232549914,0.13678146943486563,0.8002400602469031,-0.9650333911064571,0.6804899412843933,0.820711082898506,0.02862343770267993,-0.19274337927910568,0.31833039620512815,-0.6189611874782581,0.24578264565824864,-0.3473659260655354,0.4478626834547476,-0.852765516887551,-0.19565810822020746,-0.19652481025571666,-0.31206258219846084,0.7748371096231794,0.3315591522948641,0.3127796528550396,-0.6990095948823734,0.9050417033386624,0.3420592349675427,-0.8206392392357955,0.675179199902238,0.09935364786520456,0.020516874869043036,-0.058167398266107596,-0.6682877507666342,0.5668867013893408,0.07523898158363568,0.888283516126612,-0.33106137386807755,-0.39102506779745516,0.06717940729917624,0.5477733321232803,0.3774145599917055,0.3731993146960038,0.46816448527883364,-0.5660514489474769,0.5581301159519549,-0.002289967507186713,-0.03269467632174707,-0.08630840655542182,0.5034355899224449,0.39500019921223545,0.32071171072417415,-0.3217833272640501,-0.08008743149743101,0.36959856493739585,0.7479020602367621,-0.5959360695874436,-0.2680946174514169,0.48035894311265614,0.24220778562641007,0.37796018475675075,-0.1528313578067318,0.29884164990053497,0.1128882032508313,-0.04580388474014383,0.5688914002937092,-0.3516596378732016,-0.23374688553577533,-0.2286285850609818,-1.1825147460452152,-0.03112930701222403,0.39599665592420064,-0.07729085377896106,0.1485404291895745,0.9353405562410684,0.11621544773042249,0.3849090401305315,0.4645370881548294,0.0804245494034407,-0.4838010588815366,0.1123188255373297,-0.16181112844420484,-1.5594595525650428,-0.29356842851917087,0.2503792256087707,0.03796612419239143,-0.3056330494346835,0.23594535214621307,-0.4529879416573582,-0.23377654818009982,0.19307618146028657,0.4361210610553432,0.7401865228588556,-0.7868855192090491,-0.5964748514182635,-0.03461962484491139,-0.5429668878760943,0.38071637192570773,0.14687666613390293,0.07392264840602818,0.24040710470988894,