{
  "ideal_range": 365,
  "orbit_deg": 88,
  "leadMaxDeg": 23,
  "evade_weight": 1.5484783505555242,
  "strafe_deg": 21,
  "orbit_radius": 230,
  "radius_pulse": 70,
  "orbitFlipRate": 0.006360220741014927,
  "fire_every_frames": 4,
  "aimJitterDeg": 1.0623514340259135,
  "safeMargin": 32,
  "evadeReactDist": 226
}