{
  "ideal_range": 475,
  "orbit_deg": 40,
  "leadMaxDeg": 25,
  "evade_weight": 1.2232833406422288,
  "strafe_deg": 24,
  "orbit_radius": 197,
  "radius_pulse": 51,
  "orbitFlipRate": 0.0120628982714843,
  "fire_every_frames": 5,
  "aimJitterDeg": 2.392921458929777,
  "safeMargin": 30,
  "evadeReactDist": 258
}