{
  "ideal_range": 273,
  "orbit_deg": 110,
  "leadMaxDeg": 24,
  "evade_weight": 0.6736771066207439,
  "strafe_deg": 16,
  "orbit_radius": 317,
  "radius_pulse": 51,
  "orbitFlipRate": 0.014993882252369077,
  "fire_every_frames": 5,
  "aimJitterDeg": 2.109466189984232,
  "safeMargin": 19,
  "evadeReactDist": 188
}